{"initial_reset_timestamp": 1587793922.1967814, "timestamps": [1587793943.2488601, 1587793959.0265443, 1587793981.8130057, 1587794004.815765, 1587794024.600824, 1587794046.8047993, 1587794071.4815478, 1587794092.1610143, 1587794102.550737, 1587794123.8419993, 1587794137.6400845, 1587794146.5016363, 1587794168.5669587, 1587794187.6282961, 1587794201.7399333, 1587794220.4940593, 1587794239.344336, 1587794248.938256, 1587794265.7613528, 1587794287.3909674, 1587794297.565008, 1587794309.4837394, 1587794329.436411, 1587794352.8438516, 1587794372.5647979, 1587794385.3458648, 1587794412.7954462, 1587794425.0697682, 1587794431.4976647, 1587794446.20101, 1587794471.1590445, 1587794480.9987574, 1587794502.3115792, 1587794512.277175, 1587794524.0588183, 1587794535.6227107, 1587794543.6857488, 1587794559.3739185, 1587794570.6530094, 1587794579.9980206, 1587794599.720019, 1587794611.3556266, 1587794632.7714877, 1587794643.6576734, 1587794651.765201, 1587794662.6208146, 1587794674.617442, 1587794694.7921154, 1587794705.2205625, 1587794720.1815145], "episode_lengths": [30, 28, 30, 30, 26, 30, 26, 30, 30, 30, 30, 11, 30, 26, 18, 30, 27, 11, 25, 30, 13, 15, 25, 30, 27, 28, 30, 16, 30, 19, 30, 13, 27, 11, 30, 17, 30, 28, 30, 13, 30, 15, 30, 30, 14, 15, 20, 30, 13, 30], "episode_rewards": [-2800.0, -2100.0, -2200.0, -2200.0, -2500.0, -2800.0, 200.0, -3000.0, 0.0, -3000.0, -800.0, 1500.0, -2800.0, -2700.0, -900.0, 600.0, -1400.0, 200.0, -200.0, -2400.0, 200.0, 0.0, -1800.0, -800.0, -1200.0, 900.0, -2200.0, 2000.0, 2600.0, 1500.0, 200.0, 1500.0, -400.0, 400.0, 1400.0, -600.0, 800.0, 1600.0, 1600.0, 2100.0, -200.0, -400.0, -2800.0, 1400.0, 2000.0, 1900.0, 1400.0, -3000.0, 200.0, 1000.0], "episode_types": ["t", "t", "t", "t", "t", "t", "t", "t", "t", "t", "t", "t", "t", "t", "t", "t", "t", "t", "t", "t", "t", "t", "t", "t", "t", "t", "t", "t", "t", "t", "t", "t", "t", "t", "t", "t", "t", "t", "t", "t", "t", "t", "t", "t", "t", "t", "t", "t", "t", "t"]}